{
  "project_info": {
    "project_number": "714405768539",
    "project_id": "aroundme-f1380",
    "storage_bucket": "aroundme-f1380.firebasestorage.app"
  },
  "client": [
    {
      "client_info": {
        "mobilesdk_app_id": "1:714405768539:android:651fee86d37bfcc608be7e",
        "android_client_info": {
          "package_name": "com.example.aroundme"
        }
      },
      "oauth_client": [
        {
          "client_id": "714405768539-7l4pdnl9mos7ac459a81bo5l1emm6mj9.apps.googleusercontent.com",
          "client_type": 1,
          "android_info": {
            "package_name": "com.example.aroundme",
            "certificate_hash": "eae1cad1b6b32556430b70949677343ad4a5a20a"
          }
        },
        {
          "client_id": "714405768539-7ac2flg5lodh6bj4s4bvj3r7g16qdq35.apps.googleusercontent.com",
          "client_type": 3
        }
      ],
      "api_key": [
        {
          "current_key": "AIzaSyDIBnEDdlVNkGq9p54M3Zidy0CBduwrIFM"
        }
      ],
      "services": {
        "appinvite_service": {
          "other_platform_oauth_client": [
            {
              "client_id": "714405768539-7ac2flg5lodh6bj4s4bvj3r7g16qdq35.apps.googleusercontent.com",
              "client_type": 3
            }
          ]
        }
      }
    }
  ],
  "configuration_version": "1"
}